model,count,mean_score,median_score,avg_overlap
distilbert,1000,0.5891657424112764,0.6370284855365753,0.6263075036075036
roberta,1000,0.5706432831778818,0.650131106376648,0.596608658008658
