{
  "overall": {
    "total_predictions": 2000,
    "avg_overlap": 0.611458080808081
  },
  "per_model": {
    "distilbert": {
      "count": 1000,
      "mean_score": 0.5891657424112764,
      "median_score": 0.6370284855365753,
      "avg_overlap": 0.6263075036075036
    },
    "roberta": {
      "count": 1000,
      "mean_score": 0.5706432831778818,
      "median_score": 0.650131106376648,
      "avg_overlap": 0.596608658008658
    }
  },
  "comparative": {
    "avg_unique_answers": 1.303
  },
  "categorical": {
    "medium_risk": 1208,
    "high_risk": 597,
    "low_risk": 195
  }
}