model,count,mean_score,median_score,avg_overlap
distilbert,5,0.39627774646505715,0.37307053804397583,0.75
roberta,5,0.18983634906471708,0.235197052359581,0.55
